Designator,Footprint,Quantity,Value,LCSC Part #
"C1, C10, C11, C12, C13, C14, C15, C16, C17, C8, C9",0402,11,100nF,C307331
C18,0805,1,1uF,
"C2, C3",0402,2,10pF,C1548
"C4, C7",0402,2,15pF,C1548
"C5, C6",0805,2,1uF,C28323
D1,0805,1,GREEN,C2297
D2,0805,1,RED,C84256
FB1,0603,1,FerriteBead_Small,C14709
"J1, J3",PinHeader_1x17_P2.54mm_Vertical,2,Conn_01x17_Pin,
"J10, J12, J13",PinHeader_1x03_P2.54mm_Vertical,3,CAN,
"J11, J14",Harwin_G125-MH12005L1R_2x10_P1.25mm_Horizontal,2,G125-MH12005L1R,C17484500
J2,PinHeader_1x04_P2.54mm_Vertical,1,NC,
J4,USB_C_Receptacle_HCTL_HC-TYPE-C-16P-01A,1,USB2.0_16P,C2894897
J5,PinHeader_1x03_P2.54mm_Vertical,1,Boot,
J6,PinHeader_1x02_P2.54mm_Vertical,1,NC,
"JP3, JP4",PinHeader_1x02_P2.54mm_Vertical,2,RS-422,
"JP6, JP7, JP8",PinHeader_1x02_P2.54mm_Vertical,3,Jumper_2_Open,
"R1, R18, R28, R4, R5, R6, R7, R8, R9",0402,9,10k,C25744
"R13, R14, R15, R19, R21, R24",0402,6,5k1,C25905 
"R17, R20, R27",0402,3,10,C25744
R2,0402,1,100k,
R3,0402,1,1k5,C25867
SW3,SW_SPST_TL3342,1,BTN,C318884
"TP1, TP2, TP3",TestPoint_Pad_D1.0mm,3,VCC/2,
U1,DFN-8-1EP_3x3mm_P0.5mm_EP1.66x2.38mm,1,LTC4303IDD,LTC4303IDD
U2,LQFP-48_7x7mm_P0.5mm,1,STM32G474CETx,
"U3, U4",SOIC-8_3.9x4.9mm_P1.27mm,2,SP3485EN,C8963
U5,SOT-23-5,1,MIC5504-3.3YM5,C3021093
"U6, U7, U8",DFN-8-1EP_3x3mm_P0.5mm_EP1.66x2.38mm,3,LTC2875-DD,C683035
Y1,Crystal_SMD_3225-4Pin_3.2x2.5mm,1,16MHz AECQ200,C5308002
Y2,Crystal_SMD_3215-2Pin_3.2x1.5mm,1,32768Hz,C32346
