Designator,Mid X,Mid Y,Rotation,Layer
C1,187.537411,-68.748589,45.0,top
C10,177.206589,-70.951411,45.0,top
C11,190.25,-77.06,315.0,top
C12,162.6616,-68.834,0.0,top
C13,158.6992,-79.093,270.0,top
C14,159.1564,-66.0908,0.0,top
C15,146.276,-67.31,0.0,top
C16,143.729001,-77.147964,0.0,top
C17,143.764,-73.66,0.0,top
C18,206.375,-81.46,90.0,top
C2,193.802,-68.453,270.0,top
C3,193.802,-71.12,90.0,top
C4,193.195,-74.93,0.0,top
C5,198.3232,-71.628,0.0,top
C6,197.836042,-77.776025,180.0,top
C7,194.691,-72.997,270.0,top
C8,178.1325,-69.395778,135.0,top
C9,182.9816,-79.4512,0.0,top
D1,160.9344,-78.9432,180.0,top
D2,165.608,-78.994,0.0,top
FB1,198.117159,-69.85,180.0,top
J1,182.879999,-82.55,270.0,top
J10,127.0,-64.77,0.0,top
J11,140.539,-84.779,270.0,top
J12,127.0,-73.659999,0.0,top
J13,127.0,-82.549999,0.0,top
J14,140.534,-62.541,90.0,top
J2,174.244,-73.66,0.0,top
J3,182.879998,-64.77,270.0,top
J4,205.74,-73.66,90.0,top
J5,170.0276,-73.66,0.0,top
J6,201.93,-67.31,270.0,top
JP1,151.638,-79.9592,270.0,bottom
JP2,151.638,-76.566001,270.0,bottom
JP3,154.94,-74.93,270.0,top
JP4,154.94,-72.39,90.0,top
JP5,167.64,-74.309999,270.0,bottom
JP6,130.170697,-64.763273,180.0,top
JP7,130.175,-73.66,180.0,top
JP8,130.175,-82.55,180.0,top
R1,167.132,-69.343999,90.0,top
R13,200.296195,-78.035718,90.0,top
R14,206.0,-66.06,180.0,top
R15,136.650001,-70.104,0.0,top
R17,149.714799,-68.834,180.0,top
R18,146.304,-73.150001,90.0,top
R19,169.7228,-78.994,180.0,top
R2,167.325,-74.295,180.0,top
R20,149.86,-82.040001,90.0,top
R21,136.653999,-73.914,0.0,top
R24,136.661573,-77.724,0.0,top
R27,148.876447,-66.934013,270.0,top
R28,147.858405,-66.939404,90.0,top
R3,180.487376,-78.887376,315.0,top
R4,160.272001,-68.834,0.0,top
R5,148.591999,-74.93,180.0,top
R6,151.13,-71.880001,90.0,top
R7,160.1216,-80.820801,90.0,top
R8,153.668001,-82.423,180.0,top
R9,148.591999,-73.914,180.0,top
SW3,162.56,-73.66,90.0,top
TP1,138.43,-67.945,180.0,bottom
TP2,138.43,-72.39,0.0,bottom
TP3,138.43,-76.2,0.0,bottom
U1,145.83,-69.81,270.0,top
U2,182.9816,-73.406,135.0,top
U3,154.497,-68.072,270.0,top
U4,154.432,-79.248,270.0,top
U5,198.18316,-74.676,90.0,top
U6,140.115,-69.81,90.0,top
U7,140.115,-73.66,90.0,top
U8,140.115,-77.354999,90.0,top
Y1,191.35,-69.736,90.0,top
Y2,192.151,-73.279,0.0,top
